trait,speech,job,physical,motivation,flaw
Able,Snorts every now and then,Tinkerer,"They are horribly burnt all over their body and face, by fire or acid. It can be hard to look at them.",Gold. This PC is desperate to earn coin. He's a good guy who's made some bad choices lately and is willing to work to earn it.,"Absent-minded: Preoccupied to the extent of being unaware of one’s immediate surroundings. Abstracted, daydreaming, inattentive, oblivious, forgetful."
Abrasive,99% of this persons speech is swearing.,Owlbear Breeder,"They have on their face and body the stigmata of terrible fights, broken features, scars from chin to brow, a missing nose or ear.","Gold. This PC is a lazy, feckless, layabout with an incredibly charming personality. He can put out a sob story to melt the hardest heart out of a few silvers.",Abusive: Characterized by improper infliction of physical or psychological maltreatment towards another.
Abrupt,A deep and stern voice that gets super high when triggered by....something?,Shaman,"They are missing a limb, finger, arm, leg. And the cut is not pretty.","Gold. This PC is a shrewd business woman, who never gets the short end of a negotiation. She can get you rare items but the price is exorbitant.","Addict: One who is addicted to a compulsive activity. Examples: gambling, drugs, sex."
Absent Minded,A voice that is barely containing from bursting out in song.,Bottle Maker,"They lost one of their senses, blind, deaf or mute.","Attention. This PC is a one-upper. Anything you can do, she can do better, and has, twice, at least to hear her speak of it.",Aimless: Devoid of direction or purpose.
Abusive,"A wording crouch, ya see, ya see!!!",Stable hand,"They have the mark of a terrible disease on their body, maybe it is still affecting them, or it is over. But in any case, it left marks on them.","Attention. This PC is always flexing his muscles and combing his hair, and asking people if they've ever seen anyone so marvelous.",Alcoholic: A person who drinks alcoholic substances habitually and to excess.
Accepting,Add underhanded/sarcastic comments in whispers during conversation “oh hello! You’re here again! under their breathwooonderful”,Innkeeper,They have shoulders as wide as they are tall and arms as big as a tree trunk. Even their neck is oversized. It's a miracle their outfit is not breaking under the pressure.,"Attention. This PC is loud and crude and vulgar. He makes inappropriate comments about women and belittles men, loudly and with no care about who hears it.",Anxious: Full of mental distress or uneasiness because of fear of danger or misfortune; greatly worried; solicitous.
Accident Prone,St...st...stutter,Blacksmith,"They have exceptionally long and narrow limbs, reminiscent of a huge spider.","Food: this NPC is a gourmet, always searching for the best cheese, the best wine... Compatible with the money motivation",Arrogant: Having or displaying a sense of overbearing self-worth or self-importance. Inclined to social exclusiveness and who rebuff the advances of people considered inferior. Snobbish.
Accommodating,Always repeating the last two words of the previous speaker,Washerwoman,"They are horribly overweight, barely able to walk on their own.","Heroism: this NPC believes he is a hero, and that the actions he takes are for the world. As the hero, anything he does can only be the right thing to do. Strong narcisism, and an ability to find a ""good"" explanation to anything he does or says.","Audacious: Recklessly bold in defiance of convention, propriety, law, or the like; insolent; braze, disobedient."
Accomplished,"Attempt to speak with your mouth as closed as possible, almost without moving your lips",Town cryer,"They have barely any skin over their bones, they could be taken away by the wind","Alcohol: this NPC is constantly in a state of alcoholic stupor/frenziness/niceness. If he happens to be in a alcoholic-free situation, he will strive with all his strength to find his next drink","Bad Habit: A revolting personal habit. Examples: picks nose, spits tobacco, drools, bad body odour."
Action Oriented,Awkward timing for burping (additional skill recommended),Tailor,"They are somehow sinister, maybe it's their complexion, or the shape of their face or body, but they feel creepy.","Agoraphobia: this NPC only desires to be left alone, to find a place where nobody will bother him or try to become close to him. Could become violent if approached the wrong way, or try to help if it makes the heroes go away quicker",Bigmouth: A loud-mouthed or gossipy person.
Active,Bad teeth : covers their mouth when they speak,Portrait painter,"They are broken. An old wound that healed improperly, or something they were born with. They have a limp, or have a hunched back.","Altruism: this character strives to help the others, especially the weak. Taking care of an orphanage, providing charity...","Bigot: One who is strongly partial to one’s own group, religion, race, or politics and is intolerant of those who differ."
Adaptable,Barks at the end of each sentence,Cobbler,"They are incredibly boring in their looks, they look like any other person in the area.","Love: they have been alone in the wilderness for a long time, but returned to civilization in search of companionship.","Blunt: Characterized by directness in manner or speech; without subtlety or evasion. Frank, callous, insensitive, brusque."
Addict,Become BRIAN BLESSED,Lamplighter,"They are old, but look like they barely get out of their teens. Be it artificial or natural, they don't have any of the signs of age that they should have. Be it their body or their visage, none has the mark of the passage of time.","Love: they prize each new romantic companion, counting ""conquests"" with stitches on the arm of their jacket. At least, that is what they claim the marks on their sleeve are counting.","Bold: In a bad sense, too forward; taking undue liberties; over assuming or confident; lacking proper modesty or restraint; rude; impudent. Abrupt, brazen, cheeky, brassy, audacious."
ADHD,Lisping,Trapper,"They are young, but look like they already saw all there was to see. Maybe it was something horrible that aged them early, or just the way they are. They are way taller than their age and already bear marks of old age.","Love: since they announced their chosen profession, their father has been distant sand, at times, cruel. They want to prove their worth to earn his trust.","Callous: They are hardened to emotions, rarely showing any form of it in expression. Unfeeling. Cold."
Adorable,"Blind: Put your hands on their face as they speak. If you start laughing, you'll lose them. Remember, try to be very serious.",Fletcher,"They have an exceptionally athletic body, not an ounce of fat is visible and they seem ready to jump into action at any time.",Something lost: the family's prized antique sword had only sentimental value - but it is a matter of honor to retrieve it.,Childish: Marked by or indicating a lack of maturity; puerile.
Adventurous,breathe audibly when not speaking,Tanner,"They have an unusually androgynous look, making it hard to know what gender they identify as.","Something lost: their child left to play in the woods and didn't come back. Still, they know in their heart that the child is out there somewhere, alive, waiting for them.",Complex: An exaggerated or obsessive concern or fear. (List specific complex.)
Affable,"Breathy : ""hhhhappy bihrthday mihhhster prehhhhsident""",Herbalist,"They have something eerie, out of this world with their appearance, not quite beautiful, not ugly, just striking.","Something lost: their former lover left town but promised to write every week. For the past month, there have been no letters. Something is wrong.","Cruel: Mean to anyone or anything, without care or regard to consequences and feelings."
Affected,Replies with a single word whenever possible.,Farmer,"They have noble blood in their veins, and they know it. Their face is the shape of a statue of old, and their whole body exudes this holier than thou (or at least better!).","Sobrenatural: ever since the NPC met the PC's, he/she feels a strong urge to help them and can't quite explain why.","Cursed: A person who has befallen a prayer for evil or misfortune, placed under a spell, or borne into an evil circumstance, and suffers for it. Damned."
Affectionate,British posh ( potato in the mouth style),Carpenter,"They have a body marked by hard work, strong arm and back, little scars and calluses proves they worked all their life.","Safety: some strange fungus has been growing on their back, and they are desperately searching for a cure while also trying to keep it a secret","Dependent: Unable to exist, sustain oneself, or act appropriately or normally without the assistance or direction of another."
Afraid,"They stop after every sentence, never really telegraphing when they are finished talking",Stonemason,"They are delicate. Their skin is not used to see any sun, they probably spent most of their time indoor protected for the outside",Revenge. My name is Inigo Montoya. You killed my father. Prepare to die.,Deranged: Mentally decayed. Insane. Crazy. Mad. Psychotic.
Afraid Of Commitment,"Nervous: speaks quickly, eyes darting around, often licks lips",Miner,"They are the picture perfect of the standard of beauty of the area. They are the first thing that comes to mind when people think of ""beautiful people"".",Passion: the NPC is vigorously and even violently in favor of a cause and believes the PC to be so as well.,"Dishonest: Given to or using fraud, cheating; deceitful, deceptive, crooked, underhanded."
Aggressive,Clearly a snake: lengthens all their sssssses.,Fortune teller,"They don't belong here. There is something in the way they are that is strikingly at odds with the area. Maybe they are from somewhere else, or their style is of their own creation.",Notoriety: He sees the adventuring group as a way to gain fame and fortune and will do anything to become a member.,"Disloyal: Lacking loyalty. Unfaithful, perfidious, traitorous, treasonable"
Agnostic,Close Talker : has no sense of a personal bubble.,Baker,They have impressive hair (or facial hair) be it their length or their presentation. They can have very elaborate hairdressing or simply ostensious color.,Research: Her study involves a creature or place the party has seen or is going. She trades information but drills the party on the specific details of their experience,Disorder: An ailment that affects the function of mind or body. (List the disorders name if they have one.) See the Mental Disorder List.
Agreeable,"Common as second language: Use a strange dialect. Click your tongue every other word and start (or end) every word with 'ssss'. ""swelcome sfellow click stravellers Siam click sLord sluthor click sssuv sowington click seleventh sin click sline stew click sthe sthrone click""",Town guard,"They don't have any shred of hair on their body, nor facial, not on the head and even their brow is shaved.","Reputation: As a merchant with a reputation for quality goods, he puts this at the top of his priority list. He refuses to trade in low quality goods of any kind.","Disturbed: Showing some or a few signs or symptoms of mental or emotional illness. Confused, disordered, neurotic, troubled."
Alert,Creepy repetition of the last word word,Rat catcher,"They have impressive markings, tattoos or scarification all over their body. Be it the result of a drunken night, or of a highly ritualized ceremony, or even the shame of a mistake or an injustice.",Paranoia: this person did something bad and is worried someone will find out.,"Dubious: Fraught with uncertainty or doubt. Undecided, doubtful, unsure."
Alluring,Curl your tongue up into the roof of your mouth,Doctor,"Everything in their appearance makes them look harmless and innocent. Their clothes are pure and without any stain, and they don't wear any sign of hostility ever.",Paranoia: this person wronged a powerful nobleman and now assumes everyone is an assassin.,"Dyslexic: Affected by dyslexia, a learning disorder marked by impairment of the ability to recognize and comprehend written words."
Aloof,"Curser : every other word is profanity. But in a different language. ""Where the sheggle is my kirding leffer map?""",Messenger,"They are scary.Their face is that of a shark, and all in their being smells like trouble.","Thrill. there is no challenge that this person won't accept, whether that be wrestling a bear, climbing to the peak of the bell tower, or testing an unknown potion's effects.","Egotistical: Characteristic of those having an inflated idea of their own importance. Boastful, pompous."
Altruistic,Demure and soft spoken when addressing a group and loud with bulging eyes when addressing a single individual,Lawyer,"They have way too much clothing on them, scarf, ribbon, vest. Regardless of the temperature and situation.","Security. this person has crates of salted pork, barrels of wheat grain, a cold cellar stacked with sacks of root vegetables, and enough firewood split and seasoned to last through the harshest and longest winter.","Envious: Showing extreme cupidity; painfully desirous of another’s advantages; covetous, jealous."
Always Hungry,"Distracted: Look off to the side, say ""huh? Oh, yeah yeah yeah"".",Banker,"They are over-accessorised. Every part of their body is covered in jewelry, pearls and any other kind of accessory. Whenever they move, it makes a cascade of sound.","Security. this merchant keeps all his wares under lock and key. Not only that, they sell some of the finest locks in the kingdom; most require two different keys and are designed to 'break' stuck shut when attempted to be picked.","Erratic: Deviating from the customary course in conduct or opinion; eccentric: erratic behaviour. Eccentric, bizarre, outlandish, strange."
Always Late,Dizzy: Sway from side to side as you listen but not when you speak.,Animal tamer,"They have only the bare minimum of clothing on them, irregardless of the temperature, or the situation. If possible they won't even wear clothing at all.","Security. Financial. This person has immense wealth hidden away and is extremely frugal, usually attempting to barter down even a few coppers off the price of any purchase. ""A copper saved is a copper earned!""","Fanatical: Fanatic outlook or behaviour especially as exhibited by excessive enthusiasm, unreasoning zeal, or wild and extravagant notions on some subject."
Ambiguous,"Don’t look at the players when speaking, look at and fidget with your fingers and clothes",Guide,"They have extremely colored clothing that stand out in the crowd. Bright colors or flashy patterns, it's impossible to not notice them.","Sickness: this character suffers from a mysterious/rare/legendary sickness, which he is trying to cure.","Fickle: Erratic, changeable, unstable – especially with regard to affections or attachments; capricious."
Ambitious,Ending every speaking part with a sidetracking question,Cartographer,"They have drab-colored clothing, very sad looking clothing bland even in their design.","Contagious: the character suffers from a curse/mutation which can be give to others. Unable to bear this alone, he wants to give it to others and forge his own community.",Fierce: Marked by extreme intensity of emotions or convictions; inclined to react violently; fervid.
Amiable,Every conversation starts with a one word sentence. Their next sentence has two. The next 3. Then 4. And on and on. This pattern resets when the subject is changed or possibly when they reach a certain sentence length. (Might make this a curse that ends/transfers when someone copies the pattern with them for a few sentences),Sheriff,"They are stuck in the past, or what they call the good old days. They dress and act like they were at this time, and constantly complain about now.","Immortality: this characters suffers from being an Immortal, due to fate/curse/luck/joke of the gods. He wishes to find a way to die, which might or might not be known to him.","Finicky: Excessively particular or fastidious; difficult to please; fussy. Too much concerned with detail. Meticulous, fastidious, choosy, critical, picky, prissy, pernickety."
Amused,Every sentence is a question,Dairy maid,"They wear clothing that no-one is wearing, yet. Their design is avant-garde, strikingly different and looks certainly weird.",Collector: this eccentric - and generally rich - NPC cannot bear the idea of it's collection lacking a piece. Good choice for fetching plants/animals quests in far areas or stealing rare artifacts.,"Fixated: In psychoanalytic theory, a strong attachment to a person or thing, especially such an attachment formed in childhood or infancy and manifested in immature or neurotic behaviour that persists throughout life. Fetish, quirk, obsession, infatuation."
Amusing,Every wonderful word has extra dewy soft adjectives,Bookkeeper,They wear immaculate and distinguished clothing. They are so elegant that they could enter any high places at any time.,"Survivalist: wants to satisfy one or all of the basic human needs : a place to sleep, food and water, clothes. Careful that he doesn't bite the hand that feed him.","Gluttonous: Given to excess in consumption of especially food or drink. Voracious, ravenous, wolfish, piggish, insatiable."
Angry,Eyes darting back and forth from people and innanimate objects after only a few words and licking their lips only when speaking to one chosen individual or object.,Academic,"They are wearing protective clothing on top of their clothing, regardless of the situation.","Collector: (Vanity) seeks rare items, not as part of a set, but just to have because no one else does.","Gruff: Brusque or stern in manner or appearance. Crusty, rough, surly."
Animated,"Half deaf: Speak loud and ask 'what?' often, or better yet, speak extra softly.",Accountant,"They wear pretentious clothing, full of unnecessary and not well coordinated accessories, they are trying too much.",(un)holy zealotry: This person believes what they are doing is a mission gifted to them by their god or patron (in the case of warlocks) despite potential evidence to the contrary.,"Gullible: Will believe any information given, regardless of how valid or truthful it is, easily deceived or duped."
Annoyed,Has a severe underbite or overbite - push your lower jaw forward or backward while speaking,Actor,"They wear way too much makeup, so much that their face is barely visible underneath.",(un)holy purpose: This person DID have a purpose given to them by their god/patron and are fullfilling it out of loyalty,"Hard: A person who is difficult to deal with, manage, control, overcome, or understand. Hard emotions, hard hearted."
Annoying,"Instead of saying 'uh' or 'um', use another syllable or word. A wizard might use 'hmm', an orc might growl, etc",Apprentice,"They look horribly sick, pale complexion, huge bags under the eye, and ready to drop at any time.",Fear: This person is terrified of someone. That someone has given them a task. The NPC will try their best to fulfill the task so they don't get punished.,"Hedonistic: Pursuit of or devotion to pleasure, especially to the pleasures of the senses."
Anti-Social,Intermittently clack your teeth together,Artisan,"They have a strange speech pattern, stopping at the wrong place and putting the accent on the wrong syllable.","Wanderlust: This person just wants to travel, see the world, meet new people, &amp; experience new things.","Humourless: The inability to find humour in things, and most certainly in themselves."
Anxious,Is always taking their jacket (or some article of clothing) off and putting it back on.,Assassin,"They have a coarse and broken voice, like they were never used to using it.",Hedonism: This person just seeks to have a good time,"Hypocritical: One who is always contradicting their own beliefs, actions or sayings. A person who professes beliefs and opinions for others that he does not hold. Being a hypocrite."
Apathetic,Says UWU in replace of important words,Bandit,"They have an enchanting voice, so much that it seems out of this world, every word is beautifully said and the sentence seems to sing as they speak.","Hoarder / Packrat: This person just cant stand to throw anything away. As soon as you get rid of it, that's when you'll need it.","Idealist: One whose conduct is influenced by ideals that often conflict with practical considerations. One who is unrealistic and impractical, guided more by ideals than by practical considerations."
Apologetic,stopping talking for a moment to see something that catched his eye (a butterfly etc),Barde,"They have a manner of speech which would be more at its place in a high-society, the elocution is perfect, only years of training could have led to this expertise.","Serve a Purpose: This person just wants to be a part of something greater than themselves. Purpose may involve (church, king, rebellion, state, the greater good, unifying the country, freeing the people, etc)",Idiotic: Marked by a lack of intelligence or care; foolish or careless.
Appreciative,"Whispering ""secrets"" using a skill check all the time.",Beggar,"They talk very rudely, using a lot of curse words and their speech is littered with local dialect words that make it hard to understand.","Needs Writing Material: This person is trying to write a book or play. They have run out of ideas, so they seek new ideas where ever they can find them.",Ignorant: Lacking knowledge or information as to a particular subject or fact. Showing or arising from a lack of education or knowledge.
Apprehensive,"Itchy: Don't describe it, don't even mention it aloud, just dramatically scratch various places as you talk.",Bounty hunter,"They are dressed and act in a military fashion. Standard haircut, clothing identical to the standard issue uniform of the military of the area, they stand at attention without realizing it, and they have a military strictness about them.",Sense of Duty: Honor and duty is everything.,Illiterate: Unable to read and write.
Approachable,Laughs after every joke with a single loud HA!,Brewer,"They are overly clean, not a speck of dust on their clothing, not a stain. It seems like their clothing is brand new.","Redemption: This person has done things, bad things, in their past. They seek to correct the mistakes of their past. If they can not right the wrongs of their past, they seek to help others.",Immature: Emotionally undeveloped; juvenile; childish.
Argumentative,"Lots of extraneous words, yeah, but, y'see, the thing is... like I said, lots of extraneous words. Words. See?",Con artist,"They are followed by a very strong smell they can never get rid of. Be it from their work, or their environment, whatever it is, it is bad.",Insanity: Motivations change like minute to minute with no rhyme or reason.,Impatient: Unable to wait patiently or tolerate delay; restless. Unable to endure irritation or opposition; intolerant.
Aristocratic,LOUD AND BOISTEROUS LAUGHING SOMETIMES AS WELL,Cook,"They are followed by a sweet aroma of some sort, whatever the source, it soothes the spirit and smells delicious.",Insanity: This person is desperately trying to ignore the voices in their head.,Impious: Lacking piety and reverence for a god/gods and their followers.
Arrogant,"Monotone, even when happy or furious.",Druid,"They are on a mobile life support or any kind of apparatus that keeps them alive. It can be a whole servitor following them closely, or a breathing machine on their back. In any case, it is visible.",Desire to be the best: constantly seeking greater challenges to become the best at what they do,Impish: Naughtily or annoyingly playful.
Artistic,Mute: Uses only hand gestures.,Fisher,"They wear clothing that covers their whole body, completely masking their identities.","Fan boy / girl: desire to be around those who are famous, powerful, revered, etc...","Incompetent: Unable to execute tasks, no matter how the size or difficulty."
Ashamed,"Narcoleptic, as in falls asleep mid sentence and the players must attempt to wake them up somehow",Gambler,"They are on drugs and it is visible. Eye twitching, involuntary movement, bloodshot eyes. But they are functional.",Monster: This person has a strong desire to do Bad Things. They have chosen to limit their victims to bad people.,"Indecisive: Characterized by lack of decision and firmness, especially under pressure."
Aspiring,Nasaled,Gravedigger,"They have an extremely strong belief and it shows, they wear a number of emblems of their belief, either in form of accessories, clothing or even tattoos. And they can never stop talking about it.","Revolutionary: Desire to change the (government, guild, nation, system, world)","Indifferent: The trait of lacking enthusiasm for or interest in things generally, remaining calm and seeming not to care; a casual lack of concern. Having or showing little or no interest in anything; languid; spiritless."
Assertive,Never addresses anyone by the correct name,Hunter,"They are not used to wearing their clothes, they are too big (metaphorically or not), and they keep adjusting their clothes even though they try to make it discreet.","Generosity. This person grew up dirt-poor, and so now they share their modest wealth with those who need it most.","Infamy: Having an extremely bad reputation, public reproach, or strong condemnation as the result of a shameful, criminal, or outrageous act that affects how others view them."
Astonished,"Morose: Depressed. Think of Eeyore (sigh a lot, look down and shake your head).",Jester,"They wear clothing that leaves very little to the imagination or dress in a way that is openly sexually charged, and they have the body to wear those.","Generosity. This person grew up as a laborer, back-breaking work in the fields, and so now they spread their substantial wealth among the working class, offering above average wages and respectful working conditions.",Intolerant: Unwilling to tolerate difference of opinion and narrow-minded about cherished opinions.
Attentive,Never finishes a sentence without going off on tangents and switching trains of thought,Knight,They don't play around and certainly never joke. They are as cold as a blizzard.,"Generosity. This person grew up ridiculously wealthy and only recently learned that there are people who are poor. They have decided to be extremely philanthropic, giving money to whomever asks, though they do work up written contracts with the recipient to assure that the money goes to good use.","Judgemental: Inclined to make and form judgements, especially moral or personal ones, based on one’s own opinions or impressions towards others/practices/groups/religions based on appearance, reputation, occupation, etc."
Audacious,Never uses articles such as 'a' or 'the',Laborer,"They exude warmth and kindness. Be it the smile nearly always plastered on their face, or their inviting gesture. It's hard to not feel comfortable around them.","Gluttony. This person grew up hungry, and now fears ever going without food again. They'll eat as much as is offered and ask for seconds. As such, they are well able to identify various rare ingredients by smell and taste, and are highly sought after by the Aristocracy to be food-taster.",Klutz: Clumsy. Blunderer.
Austere,Only speaks out of the corner of their mouth - keep one side of your lips pressed together while speaking,Lawman,"They have a feline attitude. Sure as a predator on the prowl, they always seem ready to pounce.","Sloth. This person lives to nap, never having done a full day's work in their life. They rarely leave their hovel 'cept to visit the tavern when they hear someone else is buying. Then they'll sit on the same stool all night, often dozing off for an hour at a time.",Lazy: Resistant to work or exertion; disposed to idleness.
Authoritarian,"Paranoid: Look over your shoulder often, say 'shh...' and listen sideways.",Lumberjack,"They have sharp and precise movements, they don't have any useless gestures. But it can look uncanny.","Make Babies: One can never have enough offspring, and babies are so CUTE! The more children, the better chance one will become wealthy and take care of me in my old age... right?","Lewd: Inclined to, characterized by, or inciting to lust or lechery; lascivious. Obscene or indecent, as language or songs; salacious."
Authoritative,Pausing at times....that don’t work (the Christopher Walken approach),Mercenary,"They always look frightened or on guard, ready to bounce at any time. They are always surveying their surroundings",Leaf on the Wind: This person has no particularly strong motivations. They just seem to get caught up & dragged along by events.,Liar: Compulsively and purposefully tells false truths more often than not. A person who has lied or who lies repeatedly.
Available,Pausing... at ...times... that really...don’t work... (William Shatner approach),Noble,"They look not all there, like their attention is focused on the immaterial. But sometimes they seem to know things that others don't.","Running from Responsibility: This person is the next in line for the crown or some other great responsibility. They don't want the position, so they just stay away on adventures.",Lustful: Driven by lust; preoccupied with or exhibiting lustful desires.
Average,"Phlegmy : keeps grossly clearing their throat. Khhhhuuuuuuuggggrrrhhhh. Kuh. Kuuuuuuuugggghhhhhrhhh.""",Priest,"They not only eat their nails, but they do it to the blood, and have a habit of self harming themselves.","Fame & Glory: This person wants to bring fame & glory to their (clan, house, people, tribe).","Masochist: The deriving of sexual gratification, or the tendency to derive sexual gratification, from being physically or emotionally abused. A willingness or tendency to subject oneself to unpleasant or trying experiences."
Awful,"Pick a syllable: every time they say that syllable, it gets lengthened or shortened unnaturally",Ranger,"They are dirty, covered in filth from work or the outdoors. There is so much, and so often that they don't bother to clean anymore.","In the Shadow of a Legend: This person is constantly trying to live up to the legacy of their legendary (parent, sibling, mentor).","Meddlesome: Intrusive in a meddling or offensive manner, given to meddling; interfering."
Awkward,"Pull the corners of your mouth back, like a fake smile",Sailor,"They are against the system and they are showing it. Be it by wearing clothing, ostentatiously or subtly, against the system in place. They are the punk, or the silent objector.",,Meek: Evidencing little spirit or courage; overly submissive or compliant; humble in spirit or manner; suggesting retiring mildness or even cowed submissiveness.
Babbling,"Pull your tongue back so that it hits the middle of your palate instead of the front while pronouncing ts, ns, rs etc",Scribe,"They are followed by a strong smell that is giving away their work, maybe it's oil from a workshop, smell of a meal for a cook, etc...",,"Megalomaniac: A psycho pathological condition characterized by delusional fantasies of wealth, power, or omnipotence."
Babyish,"Replace all vowels with the same vowel. This can get close to a parody accent, so try it out before bringing it to the table!",Servant,"They are overly familiar with everyone, even with strangers. They don't have any clues about the idea of personal space.",,"Naïve: Lacking worldly experience and understanding, simple and guileless; showing or characterized by a lack of sophistication and critical judgement."
Bad,"Runs sentences together, then takes breaths a few words after the start of the next sentence",Shepperd,"They have a peculiar laugh, maybe they bark or snort, in any case they are instantly recognizable with it alone",,Nervous: Easily agitated or distressed; high-strung or jumpy.
Bashful,Short Stopper : they never finish their senten,Slave,"They have a highly visible OCD, they are constantly doing a particular gesture over and over.",,Non-violent: Abstaining from the use of violence.
Beautiful,Smacks and purses lips at odd point in the sentence,Soldier,"They have the habit of smoking a very strong cigar or lightning up a censer, the smell and fumes are extremely strong",,Nosey: Given to prying into the affairs of others; snoopy. Offensively curious or inquisitive.
Belligerent,Sound of cleaning teeth with tongue,Thief,"They try to sound smart when talking, the key word is ""try"". They end up misusing words and using overly long words for no good reason.",,Obsessive: An unhealthy and compulsive preoccupation with something or someone.
Bewildered,Speak with your hands! vigorous hand waving,Thug,"They cannot shut up, they always have a good story or an anecdote to tell, and they make sure that everyone is able to hear it.",,"Oppressor: A person of authority who subjects others to undue pressures, to keep down by severe and unjust use of force or authority."
Biter,"Keeps saying random stuff until BA tells them to shut up. ""It's Captain Socky!"" (A-Team reference to Mad Murdock. :) )",Trader,They wear an odd accessory that is strikingly different from the rest of the outfit. It is something that they value enormously.,,Overambitious: Having a strong excessive desire for success or achievement.
Blames Others,Uses “the” in every sentence. I wrote an essay that way and it was pretty fun,Treasure Hunter,"They are in a perpetual state of drunkenness, with or without substance, they seem like they are living in a constant party.",,Overconfident: Excessively confident; presumptuous.
Blasé,Slightly sniffly,Wanderer,"They are unsure about themselves and their decisions, always looking for the council of others",,"Overemotional: Excessively or abnormally emotional. Sensitive about themselves and others, more so than the average person."
Blowhard,Speak without separating your teeth,Wizard,"They are fanatically sure about themselves, but in a way that is almost frightening, they have an unshakable faith on doing what they are doing.",,Overprotective: To protect too much; coddle.
Boastful,Speaks like an AC-TOR: overexaggerate all the mouth motions and project clearly.,Wrestler,"They are always in control, with a cold and calculating gaze as heavy as iron, it seems that everything is part of the plan.",,Overzealous: Marked by excessive enthusiasm for and intense devotion to a cause or idea.
Boisterous,Speaks through clenched teeth,Lighthouse Keeper,"They are sadistic and vicious, they absolutely love seeing violent acts.",,Pacifist: Opposition to war or violence as a means of resolving disputes. (Can double as a merit in certain cases)
Bold,Speaks with the tip of the tongue pushed out between the teeth.,Landlord,"They are taking a lot of space, they talk too loud, move in your face too much and can't seem to realize it. Protest all you like, they will apologize and continue investing loudly in the space.",,Paranoid: Exhibiting or characterized by extreme and irrational fear or distrust of others.
Boorish,super whisper all the time,Author,"Walking in with bold confidence to dare against all odds, they live as they know that everything will go their way, because they know that they are that good.",,"Peevish: Expressing fretfulness and discontent, or unjustifiable dissatisfaction. Cantankerous, cross, ill-tempered, testy, captious, discontented, crotchety, cranky, ornery."
Bored,Tap your foot on the ground/ hands on the table constantly,Lookout,"They seem always in a hurry, scuffling nervously around, dropping things there and there, they don't seem able to stay still for more than a few seconds.",,Perfectionist: A propensity for being displeased with anything that is not perfect or does not meet extremely high standards.
Boring,They drink after almost every sentence.,Clocksmith,"Calling them social would be a wide understatement. They can tell with a glance who would like to talk, what about, and exactly how long. Like a butterfly, they are flying from conversation to conversation without respite.",,Pessimist: A tendency to stress the negative or unfavourable or to take the gloomiest possible view.
Bossy,"Tongue-tied: (talk with your tongue thtuck to your fwont teef) but be very serious, not silly. ""Hewwo, fewwo twavewers. I am Word Wuwor, of Owington, eweveth in wine to the thwone."" Click your heels and bow deeply. ""You do me agweat therwith.""",Exorcist,"A constant rattle follows them. Belts, pouches, and bags at the ready. They are geared for any and all things reaching to a new place most moments. Knives, for all manner of things, journals for multiple subjects, pocket watches, pocket calendars, pocket compasses.",,"Pest: One that pesters or annoys, with or without realizing it. Nuisance. Annoying. Nag."
Boundless,Only uses proper nouns,Soapmaker,"They are never alone, a pet of some sort is always there slithering or feathering about. Wherever their master goes, they follow, even when they should not.",,"Phobic: They have a severe form of fear when it comes to this one thing. Examples: Dark, Spiders, Cats"
Brainy,Typical High pitched granny,Beekeeper,"It's subtle, but each step has extra bounce and pep. In their eyes there is always a little spark that is pulsating from joy, and they don't even realize it.",,"Practical: Level-headed, efficient, and unspeculative. No-nonsense."
Brash,Using a puppet,Botanist,"They are living in a fable, at least in their own mind, they rhyme and enunciate rather than they talk, and act like the world was the stage and the people their audience.",,"Predictable: Easily seen through and assessable, where almost anyone can predict reactions and actions of said person by having met or known them even for a short time."
Bratty,Imitate any characters in the technicolor films Robin Hood or Ivanhoe,Alchemist,"Everyone of their movement is the epitome of grace, they float above the ground rather than walking and each of their movements is a delight to see.",,Proud: Filled with or showing excessive self-esteem and will often shirk help from others for the sake of pride.
Brave,Wildly VARYING! intonation? andspeedof wooorrrddds.,Potioneer,"They are always humming, tapping or otherwise making some kind of music. Head waving under an inaudible music, they are constantly vibing to their own rhythm.",,"Rebellious: Defying or resisting some established authority, government, or tradition; insubordinate; inclined to rebel."
Brazen,"Constantly looking behind themselves as if they are being watched or expecting someone to find them, thus speaking quickly and trying to rush whatever is being said ie Oh, hey, welcome to (insert city) Wha? looks over shoulder sharply what was that? Hm nothing, alright, sorry what do you need again?Kind of like distracted but more worried and anxious",Librarian,"Unable to keep eye contact, their voices barely leave their mouths. Their body hunched so as to not stand out, they do their best to not be visible.",,"Reckless: Heedless. Headstrong. Foolhardy. Unthinking boldness, wild carelessness and disregard for consequences."
Bright,Yoda speak they do,Bartender,"They can't leave without being the center of all attention, always looking for the spotlight, oftentime their attempt lacks subtlety.",,Remorseless: Without remorse; merciless; pitiless; relentless.
Brilliant,Rhymes all the times,Toymaker,"They are in the macabre, too much, dark color, heavy somber make-up, accessories about death and they never blink. Never.",,Rigorous: Rigidly accurate; allowing no deviation from a standard; demanding strict attention to rules and procedures.
Brotherly,"Over explain everything, even if it's obvious. It's a good and quirky way to add some character to an NPC in role playing games like D&D, that's Dungeons & Dragons in case you were wondering.",Woodcarver,They are always munching on medication like they were candies.,,"Sadist: The deriving of sexual gratification or the tendency to derive sexual gratification from inflicting pain or emotional abuse on others. Deriving of pleasure, or the tendency to derive pleasure, from cruelty."
Brutish,Repeats a key phrase in a whispered tone. ... in a whispered tone,Squire,"They look through the invisible lens of an impressive mask covered in intricate design, but they don't seem bothered at all by it, like this mask was their own face.",,Sadomasochist: Both sadist and masochist combined.
Bubbly,"Tries to speak in puns. The more pun-ishing, the better.",Roofer,"They move slowly and carefully, like they are afraid of hurting or breaking anything they touch. Even if their words are smooth and cautious, they will avoid confrontation as much as they can.",,Sarcastic: A subtle form of mockery in which an intended meaning is conveyed obliquely.
Busy,repeats every sentence just said but under their breath as they're inhaling to say the next sentence. (my brother and several people I know do this and it drives me up the wall),Sculptor,"They have a constant fire burning in their eyes, guided by their impulsivity, they are ready to fly off the handle at the moment notice and their body language is not shy of showing it.",,"Sceptic: One who instinctively or habitually doubts, questions, or disagrees with assertions or generally accepted conclusions."
Calculating,"Constantly referring to people by condescending little nicknames: Chief, Sport, Tiger, Kid, Cat, Skippy, Pal, Killer, Dog, Guy, Boss, Junior, Ace, Champ, Slugger, Bud, Kiddo, Amigo, Bro, Slick, Son, Cap'n, Hoss, Tex, Slim, Doc, Jack, Fella, Cuz....",Scholar,"They can be described as cheerfully sociopathic. In their opinion overkill and ultra-violence are perfectly justifiable tool, but apart from that, they are the sweetest person around",,"Seducer: To lead others astray, as from duty, rectitude, or the like; corrupt. To attempt to lead or draw someone away, as from principles, faith, or allegiance."
Callous,"I like slow and methodical with articulation, think Snape from Harry Potter.",Nurse,"Even if they are dressed modestly, it is not really enough to hide their shapely silhouette, especially since they often end up flirting and charming without realizing it.",,Selfish: Concerned chiefly or only with oneself.
Calm,"Wizard/similar intellectual: Give the wizard a special lexicon to refer to common terms in their own, intelligent way. For example: instead of Transmutation it's Etheric Chemistry and instead of Illusion it's Mimetic Dimensional Alteration",Nun,"They look like they gave up on life, they are lifeless, not caring about anything and it shows in their tone, their clothing and their lifestyle. Be it drink or drunk, anything that can make them not care.",,"Self-Martyr: One who purposely makes a great show of suffering in order to arouse sympathy from others, as a form of manipulation, and always for a selfish cause or reason."
Candid,"Begins every statement with ""So, like...""",Mortician,"They have the air of a beast, either their facial structure is reminiscent of a rat, a horse, or other animal. Or some of their mannerism as something animal-like.",,"Self-righteous: Piously sure of one’s own righteousness; moralistic. Exhibiting pious self-assurance. Holier-than-thou, sanctimonious."
Capable,"Pick a letter like ""s"" or ""h"" (but not ""th"") as a letter to over emphasize.",Historian,"They are not born with their face, it was reconstructed or modified. Hard to say if it's an enhancement or a way to hide something.",,"Senile: Showing a decline or deterioration of physical strength or mental functioning, esp. short-term memory and alertness, as a result of old age or disease."
Capricious,clergyman sing song,Gladiator,"They are repulsive, but it's hard to pinpoint why. They are not that ugly, and if their body smells is not that excessive, but for whatever reason, it’s hard to stand their presence.",,Shallow: Lacking depth of intellect or knowledge; concerned only with what is obvious.
Carefree,Roll eight times and keep all results to create a truly horrifying/confusing NPC.,Barber,"They are emotionally stunted. They never express anything except a stoic facade that never fades, they are unable to express pain, and it makes them unwillingly cold and distant to others.",,"Smart Ass: Thinks they know it all, and in some ways they may, but they can be greatly annoying and difficult to deal with at times, especially in arguments."
Careful,,,This NPC has bad acne all over their face.,,"Soft-hearted: Having softness or tenderness of heart that can lead them into trouble; susceptible of pity or other kindly affection. They cannot resist helping someone they see in trouble, suffering or in need, and often don’t think of the repercussions or situation before doing so."
Careless,,,This NPC has their eyes squinted like they are looking into a bright light.,,"Solemn: Deeply earnest, serious, and sober."
Caring,,,The NPC has one more tattoo every time they show up in the story. This is never addressed by any other NPC who could know him.,,"Spineless: Lacking courage. Cowardly, wimp, lily-livered, gutless."
Caustic,,,"This NPC has luscious, carbon-black, long hair that extents beyond their own height. It is keep in a long braid. They haven’t cut it since birth.",,Spiteful: Showing malicious ill will and a desire to hurt; motivated by spite; vindictive person who will look for occasions for resentment. Vengeful.
Cautious,,,This NPC has a face only a mother could love.,,"Spoiled: Treated with excessive indulgence and pampering from earliest childhood, and has no notion of hard work, self-care or money management; coddled, pampered. Having the character or disposition harmed by pampering or over-solicitous attention."
Changeable,,,This NPC has a body build that appears both muscular and lanky.,,Squeamish: Excessively fastidious and easily disgusted.
Charismatic,,,"This NPC has a thin, delicate build.",,"Stubborn: Unreasonably, often perversely unyielding; bull-headed. Firmly resolved or determined; resolute."
Charming,,,This NPC is missing one or more teeth.,,"Superstitious: An irrational belief arising from ignorance or fear from an irrational belief that an object, action, or circumstance not logically related to a course of events influences its outcome."
Chaste,,,This NPC has large bushy eyebrows.,,Tactless: Lacking or showing a lack of what is fitting and considerate in dealing with others.
Cheerful,,,This NPC has a distinctive military tattoo.,,"Temperamental: Moody, irritable, or sensitive. Excitable, volatile, emotional."
Cheerless,,,This NPC has fingers that are just a little too long. Maybe they have a bit of fae blood in them?,,"Theatrical: Having a flair for over dramatizing situations, doing things in a ‘big way’ and love to be ‘centre stage’."
Childish,,,The skin on the arms of this NPC seems like it's recovering from a nasty chemical burn.,,"Tongue-tied: Speechless or confused in expression, as from shyness, embarrassment, or astonishment."
Chivalrous,,,This NPC's skin is covered in battle scars.,,"Troublemaker: Someone who deliberately stirs up trouble, intentionally or unintentionally."
Civilised,,,This NPC is ampidextrous.,,Unlucky: Marked by or causing misfortune; ill-fated. Destined for misfortune; doomed.
Classy,,,This NPC has buck-teeth.,,"Unpredictable: Difficult to foretell or foresee, their actions are so chaotic it’s impossible to know what they are going to do next."
Clean,,,This NPC has an unkempt and slobbish look.,,Untrustworthy: Not worthy of trust or belief. Backstabber.
Clever,,,This NPC has incredibly cold hands.,,"Vain: Holding or characterized by an unduly high opinion of their physical appearance. Lovers of themselves. Conceited, egotistic, narcissistic."
Close,,,"This NPC has a distinctive accent that places them from ""x"" (country, region).",,"Weak-willed: Lacking willpower, strength of will to carry out one’s decisions, wishes, or plans. Easily swayed."
Closed,,,This NPC has a hunchback.,,Withdrawn: Not friendly or Sociable. Aloof.
Clumsy,,,This NPC has a hissing voice.,,Zealous: A fanatic.
Coarse,,,This NPC has watery eyes.,,
Cocky,,,This NPC speaks very fast-paced.,,
Coherent,,,This NPC has a distinctive cult tattoo.,,
Cold,,,"This NPC has a high-pitched, squeaky voice.",,
Cold Hearted,,,This NPC has a large scar across their chin.,,
Combative,,,The NPC has a mechanical replacement for a few fingers/hand/arm.,,
Comfortable,,,This NPC has gorgeous eyes.,,
Committed,,,This NPC is always wearing only the finest clothing.,,
Communicative,,,"This NPC has a patch of discolored skin around an old scar. They were poisoned by (someone, something) long ago. They recovered, but it left its mark.",,
Compassionate,,,This NPC always has some red stain on their hands. Surely its just tomato sauce... right?,,
Competent,,,This NPC always smells like farm animals.,,
Complacent,,,This NPC has a peg leg.,,
Compliant,,,This NPC has 6 fingers instead of 5 on each hand.,,
Composed,,,This NPC is INCREDIBLY beautiful. People often do double-takes of them as they walk by.,,
Compulsive,,,"This NPC has a deep, baritone voice.",,
Conceited,,,This NPC smells TERRIBLE.,,
Concerned,,,This NPS has a beehive hair style.,,
Condescending,,,The NPC has hair changing color according to their mood following an accident involving wild magic.,,
Confident,,,"This NPC dresses like a slob, and tends to wear the same clothes for weeks.",,
Confused,,,This NPC is missing 1d8 fingers from a farming accident.,,
Congenial,,,This NPC is missing a finger in a kitchen accident.,,
Conscientious,,,This NPC has a distinctive slave tattoo.,,
Considerate,,,This NPC has an abormally long nose.,,
Consistent,,,This NPC has a limp due to a magical mishap (they were practicing a specific spell that backfired).,,
Constricting,,,"This NPC wears torn, dirty clothing.",,
Content,,,This NPS has a monk haircut.,,
Contented,,,This NPC never looks anyone in the eyes.,,
Contrarian,,,"This NPC has really accentuated cheekbones, and hollow cheeks.",,
Contrite,,,This NPC has lots of freckles.,,
Controlling,,,This NPC has noticeably crooked teeth. They try to hide their mouth while speaking.,,
Conversational,,,This NPC has a tiny nose.,,
Cooperative,,,"This NPC has a deep, resonating voice.",,
Coquettish,,,This NPC has freckles on their face positioned in a way to resemble runes.,,
Courageous,,,This NPC has huge bulging muscles.,,
Courteous,,,"This NPC is missing their tongue, making them a mute.",,
Covetous,,,"This NPC has happy, warm eyes.",,
Cowardly,,,"This NPC is bald (naturally bald, shaved head).",,
Cowering,,,This NPC is exceptionally short for their species.,,
Coy,,,This NPS has a samurai bun hair style.,,
Crabby,,,This NPC is cross-eyed.,,
Crafty,,,This NPC has an allergy that causes them to sneeze a lot.,,
Cranky,,,"The NPC is constantly hunched over. If they stretched upwards, they'd gain a good foot in height.",,
Crazy,,,"This NPC is has a thick, furry unibrow.",,
Creative,,,This NPC has a tattoo of a mermaid on their arm.,,
Credible,,,"This NPC is accident prone, keeps tripping on cobblestones, spill drinks and food on themselves and others, falls down stairs, but never any fatal injuries.",,
Creepy,,,This NPC always smells like incense.,,
Critical,,,This NPC has watchful eyes.,,
Cross,,,This NPC has the most glorious mustache.,,
Crude,,,This NPC has an anchor tattoo.,,
Cruel,,,This NPC has acne scars on their face.,,
Cuddly,,,This NPC has sleepy eyes.,,
Cultured,,,This NPC has a skull tattoo.,,
Curious,,,"This NPC has cold, calculating eyes.",,
Cutthroat,,,This NPC has a mouth that hangs open.,,
Cynical,,,This NPC has a distinctive sailing tattoo.,,
Dainty,,,"This NPC has a large scar over their right eye. Every time they are asked about it, their story changes on how they got it.",,
Dangerous,,,"This NPC always seems to be covered in dirt from working in the (fields, mines, mud)",,
Daring,,,This NPS has dreadlocks.,,
Dark,,,This NPC has wild eyes.,,
Dashing,,,This NPC has over-sized ears.,,
Dauntless,,,This NPC always smells like fish.,,
Dazzling,,,This NPC has a smile and laugh that always feel genuinely welcoming.,,
Debonair,,,This NPC clearly had their nose broken numerous times.,,
Deceitful,,,This NPC has elaborately pierced ears.,,
Deceiving,,,"This NPC has fashionable, hip clothing.",,
Decent,,,"This NPC has dry, cracked lips.",,
Decisive,,,"This NPC appears to have both some features common in the current nation's population, and some features from a population that's many many miles away.",,
Decorous,,,This NPC wears an ear trumpet to hear.,,
Deep,,,This NPC has pointy ears.,,
Defeated,,,This NPC is rotund.,,
Defective,,,This NPC has a dagger tattoo.,,
Deferential,,,This NPC has rotting teeth.,,
Defiant,,,This NPC is constantly biting their nails out of nervousness.,,
Deliberate,,,This NPC has a distinctive tribal tattoo.,,
Delicate,,,"This NPS has long, braided hair.",,
Delightful,,,This NPCs breath is visible as if it always is a cold winters day around them.,,
Demanding,,,"This NPC has really long, really sharp nails. Usually used in “boogie man” stories to scare the local children.",,
Demonic,,,This NPC has piercing eyes.,,
Dependable,,,This NPC always smells of baked bread.,,
Dependent,,,This NPC is skinny as a rail.,,
Depressed,,,This NPC is exceptionally tall for their species.,,
Deranged,,,"This NPC has a lock of hair that will always stick right up, no matter what they try to keep it in place.",,
Despicable,,,This NPC always speaks through clenched teeth.,,
Despondent,,,This NPC has a large bulbous nose.,,
Detached,,,This NPC has a tattoo of an eye on their forehead.,,
Detailed,,,The NPC has jagged crystals protruding from his body/chest/arms/head. (Shrapnel or magical disease),,
Determined,,,This NPC has a lazy eye.,,
Devilish,,,This NPC is incredibly attractive.,,
Devious,,,This NPC has a bony build.,,
Devoted,,,This NPC has a snake tattoo.,,
Dignified,,,This NPC has dark eyes.,,
Diligent,,,This NPC always smells like strong perfume.,,
Direct,,,This NPC has a big and broad build.,,
Disaffected,,,This NPC speaks very slowly.,,
Disagreeable,,,This NPC always smells like garlic.,,
Discerning,,,"This NPC wears faded, patched clothing.",,
Disciplined,,,This NPC appears to resemble someone from a prominent royal family... a little too closely.,,
Discontented,,,This NPC looks like they could bench-press the farmer's prized cow if they wanted.,,
Discouraged,,,"This NPC has bright, shiny eyes.",,
Discreet,,,This NPC has an arrow tattoo.,,
Disgusting,,,This NPC is always dressed neat and proper.,,
Dishonest,,,This NPC always smells like mint.,,
Disillusioned,,,This NPC has a handlebar mustache.,,
Disinterested,,,This NPC has a distinctive gang tattoo.,,
Disloyal,,,"This NPC has vitiligo, where various (or mirrored) patches of their body lack any melanin.",,
Dismayed,,,This NPC has heterochromia (two different color eyes).,,
Disorderly,,,This NPC always has stains of ink on their hands.,,
Disorganized,,,This NPC is extremely hairy.,,
Disparaging,,,This NPC has had all of their teeth replaced with wooden teeth.,,
Disrespectful,,,This NPC is grotesquely obese.,,
Dissatisfied,,,This NPC has two different color hair.,,
Dissolute,,,This NPC has shifty eyes.,,
Distant,,,This NPC always smells like pipe tobacco.,,
Distraught,,,This NPC has very little body hair.,,
Distressed,,,This NPC is thin and wiry.,,
Disturbed,,,"This NPC has a false tooth (gold, silver, etc.). They can be seen running their tongue over it occasionally to make sure its still there.",,
Dogmatic,,,"This NPC must spend more time in front of a mirror than they do sleeping. There is not a single flaw or visible wrinkle on their face, not a smile or frown line to be had. Every single hair is immaculately placed into flowing locks of hair.",,
Domineering,,,This NPC has distant eyes.,,
Dorky,,,This NPC wears an eyepatch over one of their eyes.,,
Doubtful,,,"This NPC had a worn, tired face. Three days of rough stubble covered their face. There were smears of dirt spread almost artfully across one side of their face.",,
Downtrodden,,,This NPC walks with a bad limp.,,
Draconian,,,This NPC has a distinctive criminal tattoo.,,
Dramatic,,,"This NPC is an albino (no skin, fur, feather, or scale pigmentation).",,
Dreamer,,,This NPC has an old-fashioned sense of style.,,
Dreamy,,,This NPC is always chewing on a piece of some root of unknown properties.,,
Dreary,,,This NPC is slightly green and has pointy teeth. They have orc or goblin somewhere in their ancestry.,,
Dubious,,,This NPC has a hook nose.,,
Dull,,,This NPC has horrible eyesight and cannot see without their glasses.,,
Dumb,,,This NPC's ears are stretched / low hanging from wearing very heavy / modifying earrings.,,
Dutiful,,,"This NPC has hair so long it gets stepped on constantly, leading to them always putting it up.",,
Dynamic,,,,,
Eager,,,,,
Easygoing,,,,,
Eccentric,,,,,
Educated,,,,,
Effervescent,,,,,
Efficient,,,,,
Egocentric,,,,,
Egotistic,,,,,
Elated,,,,,
Eloquent,,,,,
Embarrassed,,,,,
Embittered,,,,,
Embraces Change,,,,,
Eminent,,,,,
Emotional,,,,,
Empathetic,,,,,
Enchanting,,,,,
Encouraging,,,,,
Enduring,,,,,
Energetic,,,,,
Engaging,,,,,
Enigmatic,,,,,
Entertaining,,,,,
Enthusiastic,,,,,
Envious,,,,,
Equable,,,,,
Erratic,,,,,
Ethical,,,,,
Evasive,,,,,
Evil,,,,,
Exacting,,,,,
Excellent,,,,,
Excessive,,,,,
Excitable,,,,,
Excited,,,,,
Exclusive,,,,,
Expansive,,,,,
Expert,,,,,
Extravagant,,,,,
Extreme,,,,,
Exuberant,,,,,
Fabulous,,,,,
Facetious,,,,,
Faded,,,,,
Fair,,,,,
Faith In Self,,,,,
Faithful,,,,,
Faithless,,,,,
Fake,,,,,
Fanatical,,,,,
Fanciful,,,,,
Fantastic,,,,,
Fatalistic,,,,,
Fearful,,,,,
Fearless,,,,,
Feisty,,,,,
Ferocious,,,,,
Fidgety,,,,,
Fierce,,,,,
Fiery,,,,,
Fighter,,,,,
Filthy,,,,,
Fine,,,,,
Finicky,,,,,
Flagging,,,,,
Flakey,,,,,
Flamboyant,,,,,
Flashy,,,,,
Fleeting,,,,,
Flexible,,,,,
Flighty,,,,,
Flippant,,,,,
Flirty,,,,,
Flustered,,,,,
Focused,,,,,
Foolish,,,,,
Forceful,,,,,
Forgetful,,,,,
Forgiving,,,,,
Formal,,,,,
Fortunate,,,,,
Foul,,,,,
Frank,,,,,
Frantic,,,,,
Fresh,,,,,
Fretful,,,,,
Friendly,,,,,
Frightened,,,,,
Frigid,,,,,
Frugal,,,,,
Frustrated,,,,,
Fuddy Duddy,,,,,
Fun,,,,,
Fun Loving,,,,,
Funny,,,,,
Furious,,,,,
Furtive,,,,,
Fussy,,,,,
Gabby,,,,,
Garrulous,,,,,
Gaudy,,,,,
Generous,,,,,
Genial,,,,,
Gentle,,,,,
Giddy,,,,,
Giggly,,,,,
Gives Up Easily,,,,,
Giving,,,,,
Glamorous,,,,,
Gloomy,,,,,
Glorious,,,,,
Glum,,,,,
Goal Orientated,,,,,
Good,,,,,
Goofy,,,,,
Graceful,,,,,
Gracious,,,,,
Grandiose,,,,,
Grateful,,,,,
Greedy,,,,,
Gregarious,,,,,
Grieving,,,,,
Grouchy,,,,,
Growly,,,,,
Gruesome,,,,,
Gruff,,,,,
Grumpy,,,,,
Guarded,,,,,
Guilt Ridden,,,,,
Guilty,,,,,
Gullible,,,,,
Haggling,,,,,
Handsome,,,,,
Happy,,,,,
Hard,,,,,
Hard Working,,,,,
Hardy,,,,,
Harmonious,,,,,
Harried,,,,,
Harsh,,,,,
Hateful,,,,,
Haughty,,,,,
Healthy,,,,,
Heart Broken,,,,,
Heartless,,,,,
Heavy Hearted,,,,,
Hedonistic,,,,,
Helpful,,,,,
Helpless,,,,,
Hesitant,,,,,
High,,,,,
High Self Esteem,,,,,
Hilarious,,,,,
Homeless,,,,,
Honest,,,,,
Honor Bound,,,,,
Honorable,,,,,
Hopeful,,,,,
Hopeless,,,,,
Hormonal,,,,,
Horrible,,,,,
Hospitable,,,,,
Hostile,,,,,
Hot Headed,,,,,
Huffy,,,,,
Humble,,,,,
Humorous,,,,,
Hurt,,,,,
Hysterical,,,,,
Ignorant,,,,,
Ill,,,,,
Ill-Bred,,,,,
Imaginative,,,,,
Immaculate,,,,,
Immature,,,,,
Immobile,,,,,
Immodest,,,,,
Impartial,,,,,
Impatient,,,,,
Imperial,,,,,
Impolite,,,,,
Impotent,,,,,
Impractical,,,,,
Impudent,,,,,
Impulsive,,,,,
Inactive,,,,,
Incoherent,,,,,
Incompetent,,,,,
Inconsiderate,,,,,
Inconsistent,,,,,
Indecisive,,,,,
Independent,,,,,
Indifferent,,,,,
Indiscrete,,,,,
Indiscriminate,,,,,
Indolent,,,,,
Indulgent,,,,,
Industrious,,,,,
Inefficient,,,,,
Inept,,,,,
Inflexible,,,,,
Inimitable,,,,,
Innocent,,,,,
Inquisitive,,,,,
Insecure,,,,,
Insensitive,,,,,
Insightful,,,,,
Insincere,,,,,
Insipid,,,,,
Insistent,,,,,
Insolent,,,,,
Instinctive,,,,,
Insulting,,,,,
Intellectual,,,,,
Intelligent,,,,,
Intense,,,,,
Interested,,,,,
Interrupting,,,,,
Intimidating,,,,,
Intolerant,,,,,
Intrepid,,,,,
Introspective,,,,,
Introverted,,,,,
Intuitive,,,,,
Inventive,,,,,
Involved,,,,,
Irresolute,,,,,
Irresponsible,,,,,
Irreverent,,,,,
Irritable,,,,,
Irritating,,,,,
Jackass,,,,,
Jaded,,,,,
Jealous,,,,,
Jittery,,,,,
Joking,,,,,
Jolly,,,,,
Jovial,,,,,
Joyful,,,,,
Joyous,,,,,
Judgmental,,,,,
Keen,,,,,
Kenderish,,,,,
Kind Hearted,,,,,
Kittenish,,,,,
Knowledgeable,,,,,
Lackadaisical,,,,,
Lacking,,,,,
Languid,,,,,
Lascivious,,,,,
Late,,,,,
Lazy,,,,,
Leader,,,,,
Lean,,,,,
Lethargic,,,,,
Level,,,,,
Lewd,,,,,
Liar,,,,,
Licentious,,,,,
Light-Hearted,,,,,
Likeable,,,,,
Limited,,,,,
Lineat,,,,,
Lingering,,,,,
Lively,,,,,
Logical,,,,,
Lonely,,,,,
Loquacious,,,,,
Lordly,,,,,
Loud,,,,,
Loudmouth,,,,,
Lovable,,,,,
Lovely,,,,,
Loves Challenge,,,,,
Loving,,,,,
Low Confidence,,,,,
Lowly,,,,,
Loyal,,,,,
Lucky,,,,,
Lunatic,,,,,
Lying,,,,,
Macho,,,,,
Mad,,,,,
Malice,,,,,
Malicious,,,,,
Manipulative,,,,,
Mannerly,,,,,
Materialistic,,,,,
Matronly,,,,,
Matter-Of-Fact,,,,,
Mature,,,,,
Mean,,,,,
Meek,,,,,
Melancholy,,,,,
Melodramatic,,,,,
Mentally Slow,,,,,
Merciful,,,,,
Mercurial,,,,,
Messy,,,,,
Meticulous,,,,,
Mild,,,,,
Mischievous,,,,,
Miserable,,,,,
Miserly,,,,,
Mistrusting,,,,,
Modern,,,,,
Modest,,,,,
Moody,,,,,
Moping,,,,,
Moralistic,,,,,
Motherly,,,,,
Motivated,,,,,
Mysterious,,,,,
Nagging,,,,,
Naive,,,,,
Narcissistic,,,,,
Narrow-Minded,,,,,
Nasty,,,,,
Naughty,,,,,
Neat,,,,,
Needs Social Approval,,,,,
Needy,,,,,
Negative,,,,,
Negligent,,,,,
Nervous,,,,,
Neurotic,,,,,
Never Hungry,,,,,
Nibbler,,,,,
Nice,,,,,
Night Owl,,,,,
Nihilistic,,,,,
Nimble,,,,,
Nit Picker,,,,,
No Purpose,,,,,
No Self Confidence,,,,,
Noble,,,,,
Noisy,,,,,
Nonchalant,,,,,
Nosy,,,,,
Not Trustworthy,,,,,
Nuanced,,,,,
Nuisance,,,,,
Nurturing,,,,,
Nut,,,,,
Obedient,,,,,
Obese,,,,,
Obliging,,,,,
Obnoxious,,,,,
Obscene,,,,,
Obsequious,,,,,
Observant,,,,,
Obstinate,,,,,
Odd,,,,,
Odious,,,,,
Open,,,,,
Open-Minded,,,,,
Opinionated,,,,,
Opportunistic,,,,,
Optimistic,,,,,
Orcish,,,,,
Orderly,,,,,
Organized,,,,,
Ornery,,,,,
Ossified,,,,,
Ostentatious,,,,,
Outgoing,,,,,
Outrageous,,,,,
Outspoken,,,,,
Overbearing,,,,,
Overweight,,,,,
Overwhelmed,,,,,
Overwhelming,,,,,
Paces,,,,,
Pacifistic,,,,,
Painstaking,,,,,
Panicky,,,,,
Paranoid,,,,,
Particular,,,,,
Passionate,,,,,
Passive,,,,,
Passive-Aggressive,,,,,
Pathetic,,,,,
Patient,,,,,
Patriotic,,,,,
Peaceful,,,,,
Penitent,,,,,
Pensive,,,,,
Perfect,,,,,
Perfectionist,,,,,
Performer,,,,,
Perserverant,,,,,
Perseveres,,,,,
Persevering,,,,,
Persistent,,,,,
Persuasive,,,,,
Pert,,,,,
Perverse,,,,,
Pessimistic,,,,,
Petty,,,,,
Petulant,,,,,
Philanthropic,,,,,
Picky,,,,,
Pious,,,,,
Pitiful,,,,,
Placid,,,,,
Plain,,,,,
Playful,,,,,
Pleasant,,,,,
Pleasing,,,,,
Plotting,,,,,
Plucky,,,,,
Polite,,,,,
Pompous,,,,,
Poor,,,,,
Popular,,,,,
Positive,,,,,
Possessive,,,,,
Practical,,,,,
Precise,,,,,
Predictable,,,,,
Preoccupied,,,,,
Pretentious,,,,,
Pretty,,,,,
Prim,,,,,
Primitive,,,,,
Productive,,,,,
Profane,,,,,
Professional,,,,,
Promiscuous,,,,,
Proper,,,,,
Protective,,,,,
Proud,,,,,
Prudent,,,,,
Psychotic,,,,,
Puckish,,,,,
Punctilious,,,,,
Punctual,,,,,
Purposeful,,,,,
Pushy,,,,,
Puzzled,,,,,
Quarrelsome,,,,,
Queer,,,,,
Quick,,,,,
Quick Tempered,,,,,
Quiet,,,,,
Quirky,,,,,
Quixotic,,,,,
Rambunctious,,,,,
Random,,,,,
Rash,,,,,
Rational,,,,,
Rawboned,,,,,
Realistic,,,,,
Reasonable,,,,,
Rebellious,,,,,
Recalcitrant,,,,,
Receptive,,,,,
Reckless,,,,,
Reclusive,,,,,
Refined,,,,,
Reflective,,,,,
Regretful,,,,,
Rejects Change,,,,,
Relaxed,,,,,
Relents,,,,,
Reliable,,,,,
Relieved,,,,,
Religious,,,,,
Reluctant,,,,,
Remorseful,,,,,
Repugnant,,,,,
Repulsive,,,,,
Resentful,,,,,
Reserved,,,,,
Resilient,,,,,
Resolute,,,,,
Resourceful,,,,,
Respectful,,,,,
Responsible,,,,,
Responsive,,,,,
Restless,,,,,
Retiring,,,,,
Rhetorical,,,,,
Rich,,,,,
Right,,,,,
Righteous,,,,,
Rigid,,,,,
Risk-Taking,,,,,
Romantic,,,,,
Rough,,,,,
Rowdy,,,,,
Rude,,,,,
Rugged,,,,,
Ruthless,,,,,
Sacrificing,,,,,
Sad,,,,,
Sadistic,,,,,
Safe,,,,,
Sagely,,,,,
Saintly,,,,,
Salient,,,,,
Sanctimonious,,,,,
Sanguine,,,,,
Sarcastic,,,,,
Sassy,,,,,
Satisfied,,,,,
Saucy,,,,,
Savage,,,,,
Scared,,,,,
Scarred,,,,,
Scary,,,,,
Scattered,,,,,
Scheming,,,,,
Scornful,,,,,
Scrawny,,,,,
Scruffy,,,,,
Secretive,,,,,
Secure,,,,,
Sedate,,,,,
Seductive,,,,,
Selective,,,,,
Self-Centered,,,,,
Self-Confident,,,,,
Self-Conscious,,,,,
Self-Controlling,,,,,
Self-Directed,,,,,
Self-Disciplined,,,,,
Self-Giving,,,,,
Self-Reliant,,,,,
Self-Serving,,,,,
Selfish,,,,,
Selfless,,,,,
Senile,,,,,
Sensitive,,,,,
Sensual,,,,,
Sentimental,,,,,
Serene,,,,,
Serious,,,,,
Sexual,,,,,
Sexy,,,,,
Shallow,,,,,
Shameless,,,,,
Sharp,,,,,
Sharp-Tongued,,,,,
Sharp-Witted,,,,,
Sheepish,,,,,
Shiftless,,,,,
Shifty,,,,,
Short,,,,,
Shrewd,,,,,
Shy,,,,,
Silent,,,,,
Silky,,,,,
Silly,,,,,
Simian,,,,,
Simple,,,,,
Sincere,,,,,
Sisterly,,,,,
Skillful,,,,,
Sleazy,,,,,
Sloppy,,,,,
Slovenly,,,,,
Slow Paced,,,,,
Slutty,,,,,
Sly,,,,,
Small-Minded,,,,,
Smart,,,,,
Smiling,,,,,
Smooth,,,,,
Sneaky,,,,,
Snob,,,,,
Sociable,,,,,
Soft-Hearted,,,,,
Soft-Spoken,,,,,
Solitary,,,,,
Sore,,,,,
Sorry,,,,,
Sour,,,,,
Spendthrift,,,,,
Spiteful,,,,,
Splendid,,,,,
Spoiled,,,,,
Spontaneous,,,,,
Spunky,,,,,
Squeamish,,,,,
Stately,,,,,
Static,,,,,
Steadfast,,,,,
Sterile,,,,,
Stern,,,,,
Stimulating,,,,,
Stingy,,,,,
Stoical,,,,,
Stolid,,,,,
Straight Laced,,,,,
Strange,,,,,
Strict,,,,,
Strident,,,,,
Strong,,,,,
Strong Willed,,,,,
Stubborn,,,,,
Studious,,,,,
Stupid,,,,,
Suave,,,,,
Submissive,,,,,
Successful,,,,,
Succinct,,,,,
Sulky,,,,,
Sullen,,,,,
Sultry,,,,,
Supercilious,,,,,
Superstitious,,,,,
Supportive,,,,,
Surly,,,,,
Suspicious,,,,,
Sweet,,,,,
Sympathetic,,,,,
Systematic,,,,,
Taciturn,,,,,
Tacky,,,,,
Tactful,,,,,
Tactless,,,,,
Talented,,,,,
Talkative,,,,,
Tall,,,,,
Tardy,,,,,
Tasteful,,,,,
Temperamental,,,,,
Temperate,,,,,
Tenacious,,,,,
Tense,,,,,
Tentative,,,,,
Terrible,,,,,
Terrified,,,,,
Testy,,,,,
Thankful,,,,,
Thankless,,,,,
Thick Skinned,,,,,
Thorough,,,,,
Thoughtful,,,,,
Thoughtless,,,,,
Threatening,,,,,
Thrifty,,,,,
Thrilled,,,,,
Tight,,,,,
Timid,,,,,
Tired,,,,,
Tireless,,,,,
Tiresome,,,,,
Tolerant,,,,,
Touchy,,,,,
Tough,,,,,
Trivial,,,,,
Troubled,,,,,
Truculent,,,,,
Trusting,,,,,
Trustworthy,,,,,
Truthful,,,,,
Typical,,,,,
Ugly,,,,,
Unappreciative,,,,,
Unassuming,,,,,
Unbending,,,,,
Unbiased,,,,,
Uncaring,,,,,
Uncommitted,,,,,
Unconcerned,,,,,
Uncontrolled,,,,,
Unconventional,,,,,
Uncooperative,,,,,
Uncoordinated,,,,,
Uncouth,,,,,
Undependable,,,,,
Understanding,,,,,
Undesirable,,,,,
Undisciplined,,,,,
Unenthusiastic,,,,,
Unfeeling,,,,,
Unfocused,,,,,
Unforgiving,,,,,
Unfriendly,,,,,
Ungrateful,,,,,
Unhappy,,,,,
Unhelpful,,,,,
Uninhibited,,,,,
Unkind,,,,,
Unmotivated,,,,,
Unpredictable,,,,,
Unreasonable,,,,,
Unreceptive,,,,,
Unreliable,,,,,
Unresponsive,,,,,
Unrestrained,,,,,
Unruly,,,,,
Unscrupulous,,,,,
Unselfish,,,,,
Unsure,,,,,
Unsympathetic,,,,,
Unsystematic,,,,,
Unusual,,,,,
Unwilling,,,,,
Upbeat,,,,,
Upset,,,,,
Uptight,,,,,
Useful,,,,,
Vacant,,,,,
Vague,,,,,
Vain,,,,,
Valiant,,,,,
Vengeful,,,,,
Venomous,,,,,
Verbose,,,,,
Versatile,,,,,
Vigorous,,,,,
Vindictive,,,,,
Violent,,,,,
Virtuous,,,,,
Visual,,,,,
Vivacious,,,,,
Volatile,,,,,
Voracious,,,,,
Vulgar,,,,,
Vulnerable,,,,,
Warlike,,,,,
Warm Hearted,,,,,
Wary,,,,,
Wasteful,,,,,
Weak,,,,,
Weary,,,,,
Weird,,,,,
Well Grounded,,,,,
Whimsical,,,,,
Wholesome,,,,,
Wicked,,,,,
Wild,,,,,
Willing,,,,,
Wise,,,,,
Wishy Washy,,,,,
Withdrawn,,,,,
Witty,,,,,
Worldly,,,,,
Worried,,,,,
Worthless,,,,,
Wretched,,,,,
Xenophobic,,,,,
Young,,,,,
Youthful,,,,,
Zany,,,,,
Zealot,,,,,